{
  "total_trades":1,
  "wins":1,
  "losses":0,
  "win_rate":1.0,
  "total_pnl":135.8974358974,
  "avg_pnl":135.8974358974,
  "avg_r":1.358974359,
  "profit_factor":null,
  "max_drawdown":0.0,
  "by_signal":{
    "john_wick":{
      "count":1,
      "sum":135.8974358974,
      "mean":135.8974358974
    }
  }
}