exit_time,pnl,equity
2025-01-03T09:55:00-05:00,135.89743589743563,135.89743589743563
