exit_time,pnl,equity
2026-07-16T16:19:00+00:00,-0.5454694133399973,99.45453058666
