exit_time,pnl,equity
2025-06-27T00:30:00+00:00,375.93304396113945,475.93304396113945
