exit_time,pnl,equity
2026-07-22T01:14:00+00:00,-6.564333858149882,93.43566614185012
