exit_time,pnl,equity
2026-07-22T23:55:00+00:00,0.658320178552813,100.65832017855281
