exit_time,pnl,equity
2026-07-20T08:37:00+00:00,7.445741217016019,107.44574121701602
