{
  "total_trades":4,
  "wins":1,
  "losses":3,
  "win_rate":0.25,
  "total_pnl":-0.6193179368,
  "avg_r":-0.3927707546,
  "profit_factor":0.9232097465,
  "starting_capital":100.0,
  "ending_equity":99.3806820632,
  "open_positions":0
}