{
  "total_trades":4,
  "wins":3,
  "losses":1,
  "win_rate":0.75,
  "total_pnl":2.2790788863,
  "avg_r":0.2848848608,
  "profit_factor":5.252528757,
  "starting_capital":100.0,
  "ending_equity":102.2790788863,
  "open_positions":1
}