{
  "total_trades":4,
  "wins":2,
  "losses":2,
  "win_rate":0.5,
  "total_pnl":0.0529332518,
  "avg_r":0.0066166565,
  "profit_factor":1.0429299669,
  "starting_capital":100.0,
  "ending_equity":100.0529332518,
  "open_positions":0
}