{
  "total_trades":4,
  "wins":3,
  "losses":1,
  "win_rate":0.75,
  "total_pnl":2.2813741531,
  "avg_r":0.2851717691,
  "profit_factor":5.2568114907,
  "starting_capital":100.0,
  "ending_equity":102.2813741531,
  "open_positions":1
}