{
  "total_trades":4,
  "wins":3,
  "losses":1,
  "win_rate":0.75,
  "total_pnl":2.2900704572,
  "avg_r":0.2862588071,
  "profit_factor":5.2730379073,
  "starting_capital":100.0,
  "ending_equity":102.2900704572,
  "open_positions":1
}